Countries,Year,Tuberculosis,Whooping cough,Meningitis
Afghanistan,2010,4416,3832,2410
Afghanistan,2012,4122,3468,2254
Afghanistan,2014,3970,3701,1935
Afghanistan,2016,3843,3570,1795
Afghanistan,2018,3681,3179,1576
Albania,2010,10,2,16
Albania,2012,11,2,13
Albania,2014,11,3,13
Albania,2016,11,3,14
Albania,2018,11,3,13
Algeria,2010,499,197,399
Algeria,2012,489,245,390
Algeria,2014,483,275,391
Algeria,2016,468,285,304
Algeria,2018,453,274,296
American Samoa,2010,1,1,1
American Samoa,2012,1,1,1
American Samoa,2014,1,1,1
American Samoa,2016,1,1,1
American Samoa,2018,1,0,1
Andorra,2010,0,0,0
Andorra,2012,0,0,0
Andorra,2014,0,0,0
Andorra,2016,0,0,0
Andorra,2018,0,0,0
Angola,2010,15756,3821,3861
Angola,2012,14655,3567,3642
Angola,2014,13578,3593,3025
Angola,2016,12609,3573,2753
Angola,2018,11856,3279,2565
Antigua and Barbuda,2010,0,0,1
Antigua and Barbuda,2012,0,0,1
Antigua and Barbuda,2014,0,0,1
Antigua and Barbuda,2016,0,0,1
Antigua and Barbuda,2018,0,0,1
Argentina,2010,760,30,558
Argentina,2012,745,26,490
Argentina,2014,744,19,472
Argentina,2016,761,19,478
Argentina,2018,734,18,458
Armenia,2010,138,0,8
Armenia,2012,117,0,7
Armenia,2014,91,0,6
Armenia,2016,78,0,5
Armenia,2018,74,0,5
Australia,2010,79,0,49
Australia,2012,77,1,48
Australia,2014,82,1,45
Australia,2016,85,1,44
Australia,2018,92,0,46
Austria,2010,52,0,37
Austria,2012,54,0,34
Austria,2014,56,0,31
Austria,2016,52,0,32
Austria,2018,50,0,31
Azerbaijan,2010,789,118,111
Azerbaijan,2012,757,108,93
Azerbaijan,2014,707,100,73
Azerbaijan,2016,652,97,67
Azerbaijan,2018,639,91,63
Bahamas,2010,7,0,3
Bahamas,2012,7,0,3
Bahamas,2014,7,0,3
Bahamas,2016,7,0,3
Bahamas,2018,7,0,3
Bahrain,2010,11,1,3
Bahrain,2012,11,1,3
Bahrain,2014,11,1,3
Bahrain,2016,11,1,3
Bahrain,2018,11,1,3
Bangladesh,2010,37697,2563,3663
Bangladesh,2012,31900,2227,3005
Bangladesh,2014,31424,2070,2841
Bangladesh,2016,30376,1982,2334
Bangladesh,2018,29786,1814,2338
Barbados,2010,2,0,3
Barbados,2012,2,0,3
Barbados,2014,2,0,3
Barbados,2016,2,0,3
Barbados,2018,2,0,3
Belarus,2010,692,0,74
Belarus,2012,537,0,62
Belarus,2014,406,0,56
Belarus,2016,324,0,52
Belarus,2018,303,0,50
Belgium,2010,109,0,51
Belgium,2012,103,0,49
Belgium,2014,88,0,46
Belgium,2016,80,0,46
Belgium,2018,82,0,45
Belize,2010,13,0,2
Belize,2012,12,0,2
Belize,2014,13,0,2
Belize,2016,14,0,2
Belize,2018,14,0,2
Benin,2010,2568,878,2666
Benin,2012,2644,1006,2261
Benin,2014,2741,1081,2188
Benin,2016,2806,1174,2218
Benin,2018,2675,1082,2036
Bermuda,2010,0,0,0
Bermuda,2012,0,0,0
Bermuda,2014,0,0,0
Bermuda,2016,0,0,0
Bermuda,2018,0,0,0
Bhutan,2010,134,6,38
Bhutan,2012,126,4,29
Bhutan,2014,121,3,27
Bhutan,2016,117,1,24
Bhutan,2018,110,1,23
Bolivia,2010,1924,262,221
Bolivia,2012,1823,250,210
Bolivia,2014,1949,271,165
Bolivia,2016,1629,231,145
Bolivia,2018,1574,204,138
Bosnia and Herzegovina,2010,161,8,10
Bosnia and Herzegovina,2012,148,7,9
Bosnia and Herzegovina,2014,138,7,10
Bosnia and Herzegovina,2016,129,8,10
Bosnia and Herzegovina,2018,124,8,9
Botswana,2010,1004,22,160
Botswana,2012,941,23,121
Botswana,2014,877,29,119
Botswana,2016,845,42,121
Botswana,2018,822,47,124
Brazil,2010,6347,81,3175
Brazil,2012,6029,106,2687
Brazil,2014,5854,110,2339
Brazil,2016,5841,75,2194
Brazil,2018,5551,65,2051
Brunei,2010,16,1,1
Brunei,2012,16,1,1
Brunei,2014,17,1,1
Brunei,2016,18,1,1
Brunei,2018,19,1,2
Bulgaria,2010,173,0,49
Bulgaria,2012,150,0,44
Bulgaria,2014,137,0,45
Bulgaria,2016,128,0,42
Bulgaria,2018,124,0,40
Burkina Faso,2010,6249,884,6648
Burkina Faso,2012,6585,871,6889
Burkina Faso,2014,7190,923,5094
Burkina Faso,2016,7583,992,5150
Burkina Faso,2018,7684,997,5307
Burundi,2010,7689,321,1687
Burundi,2012,7851,280,1291
Burundi,2014,8065,257,1301
Burundi,2016,8141,217,1191
Burundi,2018,8542,256,1235
Cambodia,2010,7741,284,312
Cambodia,2012,7350,276,279
Cambodia,2014,6934,243,257
Cambodia,2016,6531,226,159
Cambodia,2018,6174,190,138
Cameroon,2010,7721,1507,3979
Cameroon,2012,7808,1659,3199
Cameroon,2014,7709,1574,3204
Cameroon,2016,7257,1640,3047
Cameroon,2018,6744,1623,2862
Canada,2010,121,1,95
Canada,2012,121,1,85
Canada,2014,128,1,89
Canada,2016,133,1,89
Canada,2018,144,1,89
Cape Verde,2010,68,9,17
Cape Verde,2012,66,5,17
Cape Verde,2014,65,2,17
Cape Verde,2016,65,1,17
Cape Verde,2018,62,1,18
Central African Republic,2010,8445,814,1269
Central African Republic,2012,8365,816,1064
Central African Republic,2014,8548,886,1083
Central African Republic,2016,8614,818,958
Central African Republic,2018,8648,870,916
Chad,2010,7137,2472,4419
Chad,2012,7055,2430,4353
Chad,2014,7048,2507,4379
Chad,2016,7029,2632,4476
Chad,2018,6995,2737,4575
Chile,2010,521,7,144
Chile,2012,481,8,133
Chile,2014,450,8,131
Chile,2016,437,7,115
Chile,2018,451,6,114
China,2010,53312,3092,8341
China,2012,48260,2044,8057
China,2014,43438,1295,7740
China,2016,42073,1016,7550
China,2018,37576,690,6798
Colombia,2010,1001,15,536
Colombia,2012,930,24,439
Colombia,2014,924,25,406
Colombia,2016,929,22,391
Colombia,2018,915,21,383
Comoros,2010,289,43,74
Comoros,2012,298,40,73
Comoros,2014,350,43,83
Comoros,2016,354,35,79
Comoros,2018,335,30,72
Congo,2010,2121,240,386
Congo,2012,2051,253,324
Congo,2014,2055,263,310
Congo,2016,2003,260,298
Congo,2018,1963,224,286
Cook Islands,2010,0,0,0
Cook Islands,2012,0,0,0
Cook Islands,2014,0,0,0
Cook Islands,2016,0,0,0
Cook Islands,2018,0,0,0
Costa Rica,2010,51,0,37
Costa Rica,2012,46,0,35
Costa Rica,2014,43,0,34
Costa Rica,2016,44,0,35
Costa Rica,2018,47,0,35
Cote d'Ivoire,2010,7718,1685,3480
Cote d'Ivoire,2012,7742,1759,3480
Cote d'Ivoire,2014,8200,1909,3009
Cote d'Ivoire,2016,7854,1728,2591
Cote d'Ivoire,2018,7395,1594,2367
Croatia,2010,83,0,22
Croatia,2012,68,0,19
Croatia,2014,56,0,16
Croatia,2016,53,0,17
Croatia,2018,53,0,17
Cuba,2010,44,0,102
Cuba,2012,42,0,97
Cuba,2014,43,0,93
Cuba,2016,44,0,97
Cuba,2018,44,0,96
Cyprus,2010,4,0,3
Cyprus,2012,4,0,2
Cyprus,2014,4,0,2
Cyprus,2016,5,0,3
Cyprus,2018,5,0,3
Czechia,2010,57,0,48
Czechia,2012,55,0,44
Czechia,2014,54,0,40
Czechia,2016,54,0,40
Czechia,2018,55,0,39
Democratic Republic of Congo,2010,57750,5920,10030
Democratic Republic of Congo,2012,56048,5894,9903
Democratic Republic of Congo,2014,54233,6044,9000
Democratic Republic of Congo,2016,50593,5306,7043
Democratic Republic of Congo,2018,47438,4767,6464
Denmark,2010,34,0,37
Denmark,2012,29,0,32
Denmark,2014,26,0,30
Denmark,2016,26,0,30
Denmark,2018,27,0,31
Djibouti,2010,462,118,142
Djibouti,2012,466,123,118
Djibouti,2014,448,120,114
Djibouti,2016,442,126,114
Djibouti,2018,442,121,112
Dominica,2010,3,0,1
Dominica,2012,3,0,1
Dominica,2014,3,0,1
Dominica,2016,3,0,1
Dominica,2018,3,0,1
Dominican Republic,2010,647,210,269
Dominican Republic,2012,652,228,294
Dominican Republic,2014,780,233,277
Dominican Republic,2016,826,227,261
Dominican Republic,2018,775,213,226
Eastern Mediterranean Region (WHO),2010,107765,21936,39024
Eastern Mediterranean Region (WHO),2012,106516,21551,32761
Eastern Mediterranean Region (WHO),2014,103819,20479,31713
Eastern Mediterranean Region (WHO),2016,102749,19777,31281
Eastern Mediterranean Region (WHO),2018,99134,18221,28886
Ecuador,2010,938,121,156
Ecuador,2012,772,116,126
Ecuador,2014,724,146,120
Ecuador,2016,711,184,118
Ecuador,2018,730,200,117
Egypt,2010,1039,333,1111
Egypt,2012,1079,382,1102
Egypt,2014,1145,441,925
Egypt,2016,1027,410,852
Egypt,2018,926,385,790
El Salvador,2010,90,28,58
El Salvador,2012,85,32,52
El Salvador,2014,98,36,56
El Salvador,2016,96,36,54
El Salvador,2018,92,36,53
Equatorial Guinea,2010,216,69,74
Equatorial Guinea,2012,203,60,72
Equatorial Guinea,2014,195,61,60
Equatorial Guinea,2016,202,62,59
Equatorial Guinea,2018,194,53,56
Eritrea,2010,5061,298,922
Eritrea,2012,5048,278,899
Eritrea,2014,4920,258,896
Eritrea,2016,4807,231,700
Eritrea,2018,4701,206,687
Estonia,2010,41,0,8
Estonia,2012,36,0,6
Estonia,2014,29,0,6
Estonia,2016,26,0,6
Estonia,2018,25,0,6
Eswatini,2010,988,39,112
Eswatini,2012,891,38,106
Eswatini,2014,778,32,86
Eswatini,2016,694,31,76
Eswatini,2018,647,33,74
Ethiopia,2010,41580,10706,16869
Ethiopia,2012,37631,10142,13826
Ethiopia,2014,34686,9365,13023
Ethiopia,2016,32514,8458,12037
Ethiopia,2018,30693,8521,11693
Fiji,2010,43,19,18
Fiji,2012,43,18,14
Fiji,2014,43,16,13
Fiji,2016,42,15,14
Fiji,2018,40,14,13
Finland,2010,67,0,19
Finland,2012,61,0,17
Finland,2014,56,0,16
Finland,2016,50,0,15
Finland,2018,54,0,16
France,2010,1189,2,252
France,2012,1108,2,245
France,2014,1005,3,232
France,2016,991,2,227
France,2018,1029,2,225
Gabon,2010,613,85,112
Gabon,2012,563,54,99
Gabon,2014,536,50,93
Gabon,2016,518,43,90
Gabon,2018,487,40,87
Gambia,2010,696,70,230
Gambia,2012,645,69,206
Gambia,2014,718,77,249
Gambia,2016,730,80,209
Gambia,2018,732,85,215
Georgia,2010,244,0,31
Georgia,2012,230,0,29
Georgia,2014,196,0,27
Georgia,2016,189,0,24
Georgia,2018,181,0,22
Germany,2010,460,0,260
Germany,2012,449,0,240
Germany,2014,436,1,222
Germany,2016,444,1,222
Germany,2018,453,1,216
Ghana,2010,11503,780,4503
Ghana,2012,11137,773,3866
Ghana,2014,11741,902,3798
Ghana,2016,11722,893,3900
Ghana,2018,10602,716,3580
Greece,2010,169,0,40
Greece,2012,174,0,37
Greece,2014,137,0,30
Greece,2016,124,0,31
Greece,2018,135,0,30
Greenland,2010,3,0,1
Greenland,2012,3,0,1
Greenland,2014,3,0,1
Greenland,2016,3,0,1
Greenland,2018,3,0,1
Grenada,2010,1,0,1
Grenada,2012,1,0,1
Grenada,2014,1,0,1
Grenada,2016,1,0,1
Grenada,2018,1,0,0
Guam,2010,4,1,1
Guam,2012,3,1,1
Guam,2014,3,1,2
Guam,2016,3,1,2
Guam,2018,4,1,2
Guatemala,2010,445,30,288
Guatemala,2012,413,31,268
Guatemala,2014,412,41,264
Guatemala,2016,431,41,254
Guatemala,2018,418,40,243
Guinea,2010,4684,1447,3314
Guinea,2012,4750,1518,3283
Guinea,2014,4980,1769,3546
Guinea,2016,4948,1985,3562
Guinea,2018,4602,2020,3412
Guinea-Bissau,2010,803,173,431
Guinea-Bissau,2012,772,129,376
Guinea-Bissau,2014,780,126,384
Guinea-Bissau,2016,774,134,311
Guinea-Bissau,2018,733,129,277
Guyana,2010,80,0,9
Guyana,2012,74,0,7
Guyana,2014,70,0,7
Guyana,2016,66,0,6
Guyana,2018,62,0,6
Haiti,2010,1365,874,1269
Haiti,2012,1371,819,1199
Haiti,2014,1358,800,1228
Haiti,2016,1337,739,1186
Haiti,2018,1300,745,1046
Honduras,2010,487,65,136
Honduras,2012,504,76,107
Honduras,2014,523,94,109
Honduras,2016,536,106,108
Honduras,2018,547,104,108
Hungary,2010,97,0,63
Hungary,2012,83,0,60
Hungary,2014,71,0,56
Hungary,2016,62,0,53
Hungary,2018,63,0,52
Iceland,2010,2,0,2
Iceland,2012,2,0,1
Iceland,2014,1,0,1
Iceland,2016,1,0,1
Iceland,2018,1,0,1
India,2010,459913,36568,56658
India,2012,461592,32434,53433
India,2014,462649,28484,48398
India,2016,440225,23728,40773
India,2018,434157,18998,35306
Indonesia,2010,101631,5564,8637
Indonesia,2012,92813,4917,8085
Indonesia,2014,86953,4338,7184
Indonesia,2016,82533,3899,6469
Indonesia,2018,78494,3533,5030
Iran,2010,878,158,863
Iran,2012,883,141,848
Iran,2014,931,118,703
Iran,2016,898,102,628
Iran,2018,841,78,588
Iraq,2010,1190,750,851
Iraq,2012,1089,627,700
Iraq,2014,1067,663,642
Iraq,2016,1040,721,585
Iraq,2018,968,621,464
Ireland,2010,33,0,15
Ireland,2012,31,0,13
Ireland,2014,28,0,11
Ireland,2016,28,0,10
Ireland,2018,29,0,10
Israel,2010,30,0,26
Israel,2012,27,0,26
Israel,2014,23,0,28
Israel,2016,23,0,27
Israel,2018,25,0,28
Italy,2010,434,0,206
Italy,2012,424,0,207
Italy,2014,401,0,193
Italy,2016,408,0,187
Italy,2018,420,0,186
Jamaica,2010,10,0,21
Jamaica,2012,9,0,19
Jamaica,2014,9,0,21
Jamaica,2016,10,0,21
Jamaica,2018,10,0,21
Japan,2010,3908,1,511
Japan,2012,3815,1,399
Japan,2014,3622,1,401
Japan,2016,3595,1,405
Japan,2018,3768,1,406
Jordan,2010,25,18,52
Jordan,2012,24,20,60
Jordan,2014,24,30,68
Jordan,2016,25,45,76
Jordan,2018,28,54,81
Kazakhstan,2010,1860,1,209
Kazakhstan,2012,1441,0,191
Kazakhstan,2014,1036,0,170
Kazakhstan,2016,820,0,151
Kazakhstan,2018,760,0,139
Kenya,2010,17656,1163,5348
Kenya,2012,17578,1084,4518
Kenya,2014,17692,1114,4494
Kenya,2016,17513,1045,4417
Kenya,2018,16948,1054,4419
Kiribati,2010,71,7,14
Kiribati,2012,72,6,14
Kiribati,2014,75,6,12
Kiribati,2016,72,6,12
Kiribati,2018,69,6,11
Kuwait,2010,31,0,10
Kuwait,2012,26,0,11
Kuwait,2014,21,0,11
Kuwait,2016,23,0,12
Kuwait,2018,25,0,12
Kyrgyzstan,2010,625,0,56
Kyrgyzstan,2012,589,0,52
Kyrgyzstan,2014,518,0,54
Kyrgyzstan,2016,433,0,41
Kyrgyzstan,2018,407,0,38
Laos,2010,2941,407,349
Laos,2012,2636,357,305
Laos,2014,2452,314,221
Laos,2016,2296,318,194
Laos,2018,2144,276,171
Latvia,2010,81,0,12
Latvia,2012,69,0,10
Latvia,2014,63,0,10
Latvia,2016,56,0,9
Latvia,2018,54,0,8
Lebanon,2010,45,57,38
Lebanon,2012,44,44,39
Lebanon,2014,43,43,40
Lebanon,2016,43,47,35
Lebanon,2018,42,40,34
Lesotho,2010,3075,71,211
Lesotho,2012,3076,69,213
Lesotho,2014,3049,64,208
Lesotho,2016,2869,49,170
Lesotho,2018,2653,35,163
Liberia,2010,1107,240,677
Liberia,2012,1111,259,695
Liberia,2014,1111,246,546
Liberia,2016,1108,217,484
Liberia,2018,1067,165,433
Libya,2010,58,29,48
Libya,2012,59,34,46
Libya,2014,66,39,41
Libya,2016,76,33,42
Libya,2018,82,32,43
Lithuania,2010,257,0,23
Lithuania,2012,231,0,21
Lithuania,2014,208,0,19
Lithuania,2016,190,0,18
Lithuania,2018,158,0,16
Luxembourg,2010,2,0,1
Luxembourg,2012,2,0,1
Luxembourg,2014,2,0,1
Luxembourg,2016,2,0,1
Luxembourg,2018,2,0,1
Madagascar,2010,11421,1123,2791
Madagascar,2012,11812,1120,2225
Madagascar,2014,12185,1073,2206
Madagascar,2016,12475,1054,2156
Madagascar,2018,12356,970,2113
Malawi,2010,8123,781,3165
Malawi,2012,7888,799,2513
Malawi,2014,7916,742,2471
Malawi,2016,8026,688,2468
Malawi,2018,7883,680,2406
Malaysia,2010,2007,157,272
Malaysia,2012,1902,152,270
Malaysia,2014,1859,145,268
Malaysia,2016,1918,133,279
Malaysia,2018,1928,111,284
Maldives,2010,14,1,2
Maldives,2012,13,1,2
Maldives,2014,13,2,2
Maldives,2016,13,2,2
Maldives,2018,14,2,2
Mali,2010,5875,1858,6899
Mali,2012,5955,2109,5613
Mali,2014,5814,2235,5633
Mali,2016,5891,2792,6351
Mali,2018,5694,2632,6357
Malta,2010,1,0,2
Malta,2012,1,0,2
Malta,2014,1,0,2
Malta,2016,1,0,2
Malta,2018,1,0,2
Marshall Islands,2010,9,2,1
Marshall Islands,2012,8,2,1
Marshall Islands,2014,8,2,1
Marshall Islands,2016,8,2,1
Marshall Islands,2018,8,2,1
Mauritania,2010,603,202,331
Mauritania,2012,602,212,341
Mauritania,2014,562,183,262
Mauritania,2016,526,150,242
Mauritania,2018,496,126,223
Mauritius,2010,15,0,9
Mauritius,2012,15,0,8
Mauritius,2014,15,0,7
Mauritius,2016,16,0,6
Mauritius,2018,15,0,5
Mexico,2010,2668,38,530
Mexico,2012,2510,44,497
Mexico,2014,2544,41,526
Mexico,2016,2516,37,533
Mexico,2018,2600,34,534
Micronesia (country),2010,13,3,2
Micronesia (country),2012,13,3,2
Micronesia (country),2014,12,2,2
Micronesia (country),2016,12,3,2
Micronesia (country),2018,12,2,2
Middle East & North Africa (WB),2010,12416,3642,5722
Middle East & North Africa (WB),2012,11812,3537,5172
Middle East & North Africa (WB),2014,11588,3595,4648
Middle East & North Africa (WB),2016,11129,3551,4272
Middle East & North Africa (WB),2018,10606,3254,3938
Moldova,2010,463,0,36
Moldova,2012,334,0,31
Moldova,2014,280,0,29
Moldova,2016,235,0,25
Moldova,2018,191,0,21
Monaco,2010,1,0,0
Monaco,2012,1,0,0
Monaco,2014,1,0,0
Monaco,2016,1,0,0
Monaco,2018,1,0,0
Mongolia,2010,446,33,30
Mongolia,2012,427,31,29
Mongolia,2014,397,28,28
Mongolia,2016,382,24,25
Mongolia,2018,375,23,24
Montenegro,2010,5,2,2
Montenegro,2012,5,1,1
Montenegro,2014,5,1,1
Montenegro,2016,5,1,1
Montenegro,2018,4,1,1
Morocco,2010,5143,285,756
Morocco,2012,4828,265,596
Morocco,2014,4625,249,516
Morocco,2016,4372,230,460
Morocco,2018,4067,190,419
Mozambique,2010,21876,2671,4180
Mozambique,2012,22310,2497,4050
Mozambique,2014,22693,2383,3026
Mozambique,2016,22018,1866,2773
Mozambique,2018,20924,1383,2628
Myanmar,2010,22379,1273,3244
Myanmar,2012,19735,1592,2633
Myanmar,2014,17737,1805,2395
Myanmar,2016,16099,1847,1744
Myanmar,2018,14893,1647,1337
Namibia,2010,1120,71,131
Namibia,2012,998,66,124
Namibia,2014,937,64,110
Namibia,2016,889,50,105
Namibia,2018,850,43,103
Nauru,2010,1,0,0
Nauru,2012,1,0,0
Nauru,2014,1,0,0
Nauru,2016,1,0,0
Nauru,2018,1,0,0
Nepal,2010,8431,452,868
Nepal,2012,8333,442,749
Nepal,2014,8208,517,711
Nepal,2016,8026,502,563
Nepal,2018,7661,451,484
Netherlands,2010,102,0,98
Netherlands,2012,93,0,92
Netherlands,2014,91,0,92
Netherlands,2016,93,0,95
Netherlands,2018,97,0,95
New Zealand,2010,17,0,17
New Zealand,2012,16,0,15
New Zealand,2014,16,0,13
New Zealand,2016,17,0,12
New Zealand,2018,18,0,13
Nicaragua,2010,161,13,60
Nicaragua,2012,154,6,54
Nicaragua,2014,153,5,48
Nicaragua,2016,151,4,47
Nicaragua,2018,143,4,44
Niger,2010,4886,1991,9082
Niger,2012,5125,1900,9553
Niger,2014,5576,2243,8859
Niger,2016,5911,2535,8486
Niger,2018,5940,2781,7941
Nigeria,2010,49386,17604,55105
Nigeria,2012,47582,17354,52126
Nigeria,2014,50413,18689,52114
Nigeria,2016,50424,20618,49572
Nigeria,2018,46524,19770,46198
Niue,2010,0,0,0
Niue,2012,0,0,0
Niue,2014,0,0,0
Niue,2016,0,0,0
Niue,2018,0,0,0
North Korea,2010,3535,196,357
North Korea,2012,3430,141,299
North Korea,2014,3437,92,265
North Korea,2016,3432,57,247
North Korea,2018,3301,32,230
North Macedonia,2010,45,5,6
North Macedonia,2012,39,6,6
North Macedonia,2014,38,6,6
North Macedonia,2016,38,7,6
North Macedonia,2018,38,7,6
Northern Mariana Islands,2010,1,0,0
Northern Mariana Islands,2012,1,0,0
Northern Mariana Islands,2014,1,0,0
Northern Mariana Islands,2016,1,0,0
Northern Mariana Islands,2018,1,0,0
Norway,2010,48,0,21
Norway,2012,46,0,20
Norway,2014,42,0,18
Norway,2016,44,0,19
Norway,2018,43,0,19
Oman,2010,23,15,14
Oman,2012,23,16,15
Oman,2014,22,17,15
Oman,2016,21,18,16
Oman,2018,19,18,14
Pakistan,2010,72198,8831,25486
Pakistan,2012,71510,9131,20011
Pakistan,2014,68943,8121,20300
Pakistan,2016,68042,7862,20277
Pakistan,2018,64412,6857,18475
Palau,2010,1,0,0
Palau,2012,1,0,0
Palau,2014,1,0,0
Palau,2016,1,0,0
Palau,2018,1,0,0
Palestine,2010,27,39,51
Palestine,2012,24,29,41
Palestine,2014,25,19,34
Palestine,2016,26,14,30
Palestine,2018,25,11,28
Panama,2010,209,1,43
Panama,2012,223,1,43
Panama,2014,219,0,40
Panama,2016,203,0,37
Panama,2018,192,0,36
Papua New Guinea,2010,1496,510,698
Papua New Guinea,2012,1498,502,702
Papua New Guinea,2014,1507,508,669
Papua New Guinea,2016,1518,569,641
Papua New Guinea,2018,1534,641,609
Paraguay,2010,252,50,103
Paraguay,2012,247,49,74
Paraguay,2014,245,44,69
Paraguay,2016,261,38,64
Paraguay,2018,246,33,64
Peru,2010,2601,446,193
Peru,2012,2445,359,170
Peru,2014,2181,320,156
Peru,2016,2044,311,150
Peru,2018,1976,297,145
Philippines,2010,28991,1670,2928
Philippines,2012,28135,1869,2902
Philippines,2014,28665,1846,2654
Philippines,2016,30722,2138,2496
Philippines,2018,29776,2000,2176
Poland,2010,738,0,178
Poland,2012,693,0,176
Poland,2014,606,0,169
Poland,2016,584,0,169
Poland,2018,567,0,138
Portugal,2010,273,0,45
Portugal,2012,257,0,45
Portugal,2014,239,0,45
Portugal,2016,230,0,39
Portugal,2018,225,0,37
Puerto Rico,2010,21,0,11
Puerto Rico,2012,21,0,10
Puerto Rico,2014,20,0,9
Puerto Rico,2016,20,0,9
Puerto Rico,2018,20,0,9
Qatar,2010,8,3,5
Qatar,2012,8,4,5
Qatar,2014,9,4,5
Qatar,2016,8,4,5
Qatar,2018,8,4,5
Romania,2010,1506,0,95
Romania,2012,1258,0,83
Romania,2014,1145,0,74
Romania,2016,1041,0,75
Romania,2018,968,0,62
Russia,2010,17688,3,1803
Russia,2012,14220,3,1714
Russia,2014,11973,3,1578
Russia,2016,9503,3,1375
Russia,2018,8135,3,1180
Rwanda,2010,4483,319,1184
Rwanda,2012,4329,238,1122
Rwanda,2014,4156,234,1063
Rwanda,2016,4070,195,1043
Rwanda,2018,3996,189,1014
Saint Kitts and Nevis,2010,1,0,1
Saint Kitts and Nevis,2012,1,0,1
Saint Kitts and Nevis,2014,1,0,1
Saint Kitts and Nevis,2016,1,0,1
Saint Kitts and Nevis,2018,1,0,1
Saint Lucia,2010,4,0,1
Saint Lucia,2012,4,0,2
Saint Lucia,2014,4,0,1
Saint Lucia,2016,4,0,2
Saint Lucia,2018,4,0,2
Saint Vincent and the Grenadines,2010,3,0,1
Saint Vincent and the Grenadines,2012,2,0,1
Saint Vincent and the Grenadines,2014,3,0,1
Saint Vincent and the Grenadines,2016,3,0,1
Saint Vincent and the Grenadines,2018,3,0,1
Samoa,2010,14,3,3
Samoa,2012,14,3,3
Samoa,2014,15,2,3
Samoa,2016,14,2,2
Samoa,2018,13,2,2
San Marino,2010,0,0,0
San Marino,2012,0,0,0
San Marino,2014,0,0,0
San Marino,2016,0,0,0
San Marino,2018,0,0,0
Sao Tome and Principe,2010,22,5,7
Sao Tome and Principe,2012,21,3,5
Sao Tome and Principe,2014,22,4,5
Sao Tome and Principe,2016,21,4,5
Sao Tome and Principe,2018,20,3,5
Saudi Arabia,2010,1737,93,173
Saudi Arabia,2012,1572,80,171
Saudi Arabia,2014,1479,60,173
Saudi Arabia,2016,1394,51,174
Saudi Arabia,2018,1325,48,177
Senegal,2010,3697,645,2155
Senegal,2012,3672,605,2045
Senegal,2014,3944,673,1754
Senegal,2016,4059,595,1758
Senegal,2018,3790,565,1608
Serbia,2010,200,18,30
Serbia,2012,172,17,28
Serbia,2014,148,19,30
Serbia,2016,132,19,28
Serbia,2018,129,17,27
Seychelles,2010,4,0,3
Seychelles,2012,4,0,3
Seychelles,2014,4,0,3
Seychelles,2016,4,0,3
Seychelles,2018,4,0,2
Sierra Leone,2010,2997,752,2470
Sierra Leone,2012,2905,704,1825
Sierra Leone,2014,2742,694,1764
Sierra Leone,2016,2630,634,1688
Sierra Leone,2018,2555,569,1659
Singapore,2010,65,0,7
Singapore,2012,60,0,6
Singapore,2014,56,0,5
Singapore,2016,52,0,5
Singapore,2018,55,0,5
Slovakia,2010,41,3,24
Slovakia,2012,35,4,23
Slovakia,2014,33,5,23
Slovakia,2016,31,5,22
Slovakia,2018,31,5,21
Slovenia,2010,17,0,8
Slovenia,2012,15,0,7
Slovenia,2014,13,0,6
Slovenia,2016,13,0,6
Slovenia,2018,13,0,6
Solomon Islands,2010,49,19,21
Solomon Islands,2012,48,18,21
Solomon Islands,2014,47,17,25
Solomon Islands,2016,46,17,18
Solomon Islands,2018,44,15,17
Somalia,2010,17717,3931,4445
Somalia,2012,18190,4026,4547
Somalia,2014,18480,3848,4403
Somalia,2016,18973,3799,4507
Somalia,2018,19781,4022,4552
South Africa,2010,31030,952,3011
South Africa,2012,25961,1074,2708
South Africa,2014,23526,1100,2550
South Africa,2016,21541,1060,2280
South Africa,2018,20137,996,2235
South Korea,2010,3150,50,82
South Korea,2012,3147,38,86
South Korea,2014,2952,27,65
South Korea,2016,2895,22,71
South Korea,2018,3046,22,75
South Sudan,2010,4732,1948,2611
South Sudan,2012,4736,1768,2635
South Sudan,2014,4819,1679,2508
South Sudan,2016,4606,1566,2240
South Sudan,2018,4429,1327,2005
Spain,2010,458,2,215
Spain,2012,426,3,202
Spain,2014,391,3,187
Spain,2016,376,3,164
Spain,2018,377,2,157
Sri Lanka,2010,1151,44,359
Sri Lanka,2012,1107,46,327
Sri Lanka,2014,1007,45,306
Sri Lanka,2016,938,42,299
Sri Lanka,2018,884,38,295
Sudan,2010,1575,1938,1439
Sudan,2012,1423,1664,1236
Sudan,2014,1370,1508,883
Sudan,2016,1281,1294,792
Sudan,2018,1158,1194,698
Suriname,2010,10,5,8
Suriname,2012,9,4,7
Suriname,2014,10,4,7
Suriname,2016,10,3,7
Suriname,2018,10,3,7
Sweden,2010,99,0,29
Sweden,2012,92,0,29
Sweden,2014,81,0,28
Sweden,2016,77,0,31
Sweden,2018,78,0,31
Switzerland,2010,42,0,27
Switzerland,2012,39,0,25
Switzerland,2014,35,0,26
Switzerland,2016,37,0,27
Switzerland,2018,38,0,27
Syria,2010,93,305,346
Syria,2012,86,307,338
Syria,2014,84,330,296
Syria,2016,82,259,257
Syria,2018,81,198,221
Taiwan,2010,900,0,102
Taiwan,2012,876,0,98
Taiwan,2014,851,0,100
Taiwan,2016,846,0,101
Taiwan,2018,884,0,104
Tajikistan,2010,781,132,255
Tajikistan,2012,728,137,204
Tajikistan,2014,755,149,156
Tajikistan,2016,764,158,117
Tajikistan,2018,747,151,123
Tanzania,2010,20785,3111,5520
Tanzania,2012,20704,3095,5586
Tanzania,2014,21350,2935,3997
Tanzania,2016,21776,3334,4057
Tanzania,2018,20576,3197,3864
Thailand,2010,8137,203,1102
Thailand,2012,7828,178,1049
Thailand,2014,7552,171,1016
Thailand,2016,7615,176,1048
Thailand,2018,7731,155,1040
Timor,2010,263,48,35
Timor,2012,272,48,33
Timor,2014,278,49,32
Timor,2016,289,47,33
Timor,2018,296,48,31
Togo,2010,2333,320,943
Togo,2012,2291,303,902
Togo,2014,2274,277,708
Togo,2016,2270,264,682
Togo,2018,2172,237,636
Tokelau,2010,0,0,0
Tokelau,2012,0,0,0
Tokelau,2014,0,0,0
Tokelau,2016,0,0,0
Tokelau,2018,0,0,0
Tonga,2010,6,2,6
Tonga,2012,5,3,6
Tonga,2014,5,3,6
Tonga,2016,5,3,6
Tonga,2018,5,2,5
Trinidad and Tobago,2010,21,0,13
Trinidad and Tobago,2012,19,0,11
Trinidad and Tobago,2014,19,0,11
Trinidad and Tobago,2016,20,0,11
Trinidad and Tobago,2018,20,0,11
Tunisia,2010,135,23,113
Tunisia,2012,132,28,94
Tunisia,2014,128,28,91
Tunisia,2016,124,26,88
Tunisia,2018,122,23,86
Turkey,2010,1134,291,452
Turkey,2012,1018,217,410
Turkey,2014,959,206,397
Turkey,2016,925,169,381
Turkey,2018,859,132,359
Turkmenistan,2010,537,2,79
Turkmenistan,2012,492,1,66
Turkmenistan,2014,505,1,60
Turkmenistan,2016,479,1,57
Turkmenistan,2018,449,1,54
Tuvalu,2010,1,0,0
Tuvalu,2012,1,0,0
Tuvalu,2014,1,0,0
Tuvalu,2016,1,0,0
Tuvalu,2018,1,0,0
Uganda,2010,14624,2400,5972
Uganda,2012,14373,2774,6112
Uganda,2014,15298,3104,5376
Uganda,2016,15143,2801,4908
Uganda,2018,14161,2308,4166
Ukraine,2010,4486,1,435
Ukraine,2012,4007,1,392
Ukraine,2014,3501,1,363
Ukraine,2016,4391,2,481
Ukraine,2018,4145,1,411
United Arab Emirates,2010,88,29,44
United Arab Emirates,2012,96,33,45
United Arab Emirates,2014,105,25,49
United Arab Emirates,2016,112,19,51
United Arab Emirates,2018,118,15,53
United Kingdom,2010,397,3,282
United Kingdom,2012,383,3,262
United Kingdom,2014,384,3,259
United Kingdom,2016,382,3,264
United Kingdom,2018,388,3,265
United States,2010,868,14,1141
United States,2012,858,12,1108
United States,2014,879,11,1102
United States,2016,927,10,1131
United States,2018,956,10,1142
United States Virgin Islands,2010,1,1,0
United States Virgin Islands,2012,1,1,0
United States Virgin Islands,2014,1,1,0
United States Virgin Islands,2016,1,1,0
United States Virgin Islands,2018,1,1,0
Uruguay,2010,56,0,16
Uruguay,2012,59,0,16
Uruguay,2014,62,1,14
Uruguay,2016,61,1,14
Uruguay,2018,57,1,14
Uzbekistan,2010,3164,3,280
Uzbekistan,2012,2902,2,251
Uzbekistan,2014,2731,2,229
Uzbekistan,2016,2571,2,175
Uzbekistan,2018,2470,2,176
Vanuatu,2010,37,13,7
Vanuatu,2012,38,12,6
Vanuatu,2014,40,13,6
Vanuatu,2016,41,14,6
Vanuatu,2018,41,14,6
Venezuela,2010,668,22,289
Venezuela,2012,676,23,302
Venezuela,2014,708,21,308
Venezuela,2016,731,19,288
Venezuela,2018,781,16,260
Vietnam,2010,23104,1008,1027
Vietnam,2012,22296,974,954
Vietnam,2014,21401,934,890
Vietnam,2016,20233,870,839
Vietnam,2018,19129,694,778
World,2010,1365562,151428,326965
World,2012,1318781,144292,300277
World,2014,1295393,139556,280607
World,2016,1250088,133611,261408
World,2018,1205461,122019,241812
Yemen,2010,892,1187,675
Yemen,2012,844,1157,518
Yemen,2014,850,1132,499
Yemen,2016,913,1160,511
Yemen,2018,995,1141,482
Zambia,2010,8970,910,3138
Zambia,2012,8440,926,2992
Zambia,2014,7937,865,2325
Zambia,2016,7536,704,2174
Zambia,2018,7164,531,2088
Zimbabwe,2010,12941,605,1768
Zimbabwe,2012,12424,653,1586
Zimbabwe,2014,11450,586,1422
Zimbabwe,2016,10998,603,1457
Zimbabwe,2018,10545,616,1450